fruits-vegetables/fresh-fruits/apples-pears
fruits-vegetables/fresh-fruits/berries-grapes
fruits-vegetables/fresh-fruits/oranges-citrus-fruits
fruits-vegetables/fresh-fruits/stone-fruits
fruits-vegetables/fresh-fruits/melons
fruits-vegetables/fresh-fruits/tropical-fruits
fruits-vegetables/fresh-fruits/exotic-seasonal-fruits
fruits-vegetables/fresh-vegetables/leafy-vegetables
fruits-vegetables/fresh-vegetables/mushrooms
fruits-vegetables/fresh-vegetables/potatoes-onions-roots
fruits-vegetables/fresh-vegetables/broccoli-cauliflower
fruits-vegetables/fresh-vegetables/brinjals-gourds-others
fruits-vegetables/fresh-vegetables/tomatoes-beans-corn
fruits-vegetables/fresh-vegetables/herbs-spices
fruits-vegetables/salads/ready-salads
fruits-vegetables/salads/salad-add-ons
fruits-vegetables/dried-fruits
fruits-vegetables/canned-chilled-frozen/canned-beans
fruits-vegetables/canned-chilled-frozen/canned-vegetables
fruits-vegetables/canned-chilled-frozen/preserved-vegetables
fruits-vegetables/canned-chilled-frozen/frozen-fruits-vegetables
meat-seafood/fresh-meats/fresh-chicken
meat-seafood/fresh-meats/fresh-pork
meat-seafood/fresh-meats/fresh-beef-lamb
meat-seafood/fresh-meats/sausages-patties
meat-seafood/fresh-meats/fresh-marinated-meats
meat-seafood/frozen-meats/frozen-chicken
meat-seafood/frozen-meats/frozen-pork
meat-seafood/frozen-meats/frozen-beef-lamb
meat-seafood/frozen-meats/sausages-nuggets-patties
meat-seafood/frozen-meats/frozen-marinated-meats
meat-seafood/fresh-seafood/fish-fillet
meat-seafood/fresh-seafood/whole-fish
meat-seafood/fresh-seafood/fresh-prawn-squid
meat-seafood/fresh-seafood/fresh-crab-shellfish
meat-seafood/frozen-seafood
meat-seafood/bacon-hams-sausages/bacon
meat-seafood/bacon-hams-sausages/hams-1
meat-seafood/bacon-hams-sausages/sausages
meat-seafood/salami
meat-seafood/deli-seafood/smoked-fish
meat-seafood/deli-seafood/caviars-roes
meat-seafood/fishballs-fishcakes-crabsticks
delicatessen/cheese/hard-cheese
delicatessen/cheese/semi-hard-cheese
delicatessen/cheese/soft-cheese
delicatessen/cheese/blue-cheese
delicatessen/sausages
delicatessen/bacon
delicatessen/deli-meats
delicatessen/charcuterie
delicatessen/deli-snacks-sides
beers-wines-spirits/wine/red-wine
beers-wines-spirits/wine/white-wine
beers-wines-spirits/wine/rose-wine
beers-wines-spirits/wine/sparkling-wine
beers-wines-spirits/wine/champagne
beers-wines-spirits/wine/dessert-wine
beers-wines-spirits/wine/tonic-wine
beers-wines-spirits/wine/other-wine
beers-wines-spirits/wine/vermouth
beers-wines-spirits/wine/fortified-wine
beers-wines-spirits/beer-cider/craft-beers
beers-wines-spirits/beer-cider/lager-beers
beers-wines-spirits/beer-cider/ale
beers-wines-spirits/beer-cider/alcopop-cider
beers-wines-spirits/beer-cider/stout-beer
beers-wines-spirits/champagne-sparkling-wines/vintage-champagnes
beers-wines-spirits/champagne-sparkling-wines/non-vintage-champagnes
beers-wines-spirits/champagne-sparkling-wines/prosecco
beers-wines-spirits/sake-umeshu
beers-wines-spirits/spirits/aperitif-port
beers-wines-spirits/spirits/brandy-cognac
beers-wines-spirits/spirits/gin
beers-wines-spirits/spirits/liqueur
beers-wines-spirits/spirits/rum
beers-wines-spirits/spirits/tequila
beers-wines-spirits/spirits/vodka
beers-wines-spirits/spirits/whisky/single-malt-whisky
beers-wines-spirits/spirits/whisky/blended-whisky
beers-wines-spirits/spirits/whisky/japanese-whisky
beers-wines-spirits/spirits/whisky/irish-whiskey
beers-wines-spirits/spirits/whisky/bourbon
beers-wines-spirits/mixers
bakery-cereal-spreads/grains-wheats
bakery-cereal-spreads/bakery/breads
bakery-cereal-spreads/bakery/buns-rolls
bakery-cereal-spreads/bakery/cakes-muffins
bakery-cereal-spreads/bakery/wraps
bakery-cereal-spreads/cereals-oats/instant-cereals
bakery-cereal-spreads/cereals-oats/granola-muesli-oats
bakery-cereal-spreads/cereals-oats/cereals
bakery-cereal-spreads/jams-spreads/jam-marmalade
bakery-cereal-spreads/jams-spreads/chocolate
bakery-cereal-spreads/jams-spreads/peanut-butter
bakery-cereal-spreads/jams-spreads/savoury-spreads
bakery-cereal-spreads/jams-spreads/honey-syrup
bakery-cereal-spreads/jams-spreads/butter
bakery-cereal-spreads/jams-spreads/margarine-cream-spreads
dairy-chilled-frozen/milk-soya/skim-milk
dairy-chilled-frozen/milk-soya/goat-s-milk
dairy-chilled-frozen/milk-soya/soya-cultured-milk
dairy-chilled-frozen/milk-soya/low-fat-milk
dairy-chilled-frozen/milk-soya/fresh-full-cream-milk
dairy-chilled-frozen/milk-soya/cultured-milk
dairy-chilled-frozen/milk-soya/flavored-milk
dairy-chilled-frozen/yoghurts/cultured-milk
dairy-chilled-frozen/yoghurts/kids-yoghurts
dairy-chilled-frozen/yoghurts/big-pots
dairy-chilled-frozen/yoghurts/single-pots
dairy-chilled-frozen/yoghurts/multipacks-yogurt
dairy-chilled-frozen/yoghurts/yoghurt-drinks
dairy-chilled-frozen/cheese-creams/block-cheese
dairy-chilled-frozen/cheese-creams/sliced-cheese-1
dairy-chilled-frozen/cheese-creams/mascarpone
dairy-chilled-frozen/cheese-creams/ricotta
dairy-chilled-frozen/cheese-creams/sliced-grated-cheese
dairy-chilled-frozen/cheese-creams/soft-spread-cheese-dips
dairy-chilled-frozen/cheese-creams/blue-cheese
dairy-chilled-frozen/cheese-creams/feta-goat-cheese
dairy-chilled-frozen/cheese-creams/gourmet-cheese
dairy-chilled-frozen/cheese-creams/brie-camambert-cheese
dairy-chilled-frozen/creams/sliced-cheese
dairy-chilled-frozen/butter-spreads
dairy-chilled-frozen/ice-cream-sorbets/frozen-yoghurt
dairy-chilled-frozen/ice-cream-sorbets/sticks-cups-bars
dairy-chilled-frozen/ice-cream-sorbets/pints
dairy-chilled-frozen/ice-cream-sorbets/multipacks-ice-cream-sorbets
dairy-chilled-frozen/ice-cream-sorbets/tubs
dairy-chilled-frozen/ice-cream-sorbets/sorbets
dairy-chilled-frozen/ice-cream-sorbets/ice-cream-cakes
dairy-chilled-frozen/cakes-pastries/prata-indian-breads
dairy-chilled-frozen/cakes-pastries/cakes-2
dairy-chilled-frozen/cakes-pastries/pies-tarts
dairy-chilled-frozen/cakes-pastries/pizza-base
dairy-chilled-frozen/cakes-pastries/pancakes-waffles
dairy-chilled-frozen/cakes-pastries/pastries
dairy-chilled-frozen/chilled-jellies-puddings
dairy-chilled-frozen/finger-foods/pastries-prata
dairy-chilled-frozen/finger-foods/pizza-pasta-pies
dairy-chilled-frozen/finger-foods/samosa-spring-rolls
dairy-chilled-frozen/finger-foods/dumplings-dim-sum
dairy-chilled-frozen/finger-foods/fries-wedges
dairy-chilled-frozen/finger-foods/ready-meals
dairy-chilled-frozen/finger-foods/chicken-finger-foods
dairy-chilled-frozen/finger-foods/fish-finger-foods
dairy-chilled-frozen/finger-foods/vegetarian
dairy-chilled-frozen/finger-foods/vegetables
dairy-chilled-frozen/frozen-fruits-vegetables
dairy-chilled-frozen/dips
dairy-chilled-frozen/chilled-beverages
dairy-chilled-frozen/eggs
dairy-chilled-frozen/japanese-chilled-frozen
dairy-chilled-frozen/tofu-noodles-pasta
food-pantry/condiments-dressings/sauces
food-pantry/condiments-dressings/soy-sweet-sauces
food-pantry/condiments-dressings/pre-mix-sauces-pastes
food-pantry/condiments-dressings/condiments
food-pantry/condiments-dressings/dressings
food-pantry/condiments-dressings/herbs-spices-seasonings
food-pantry/condiments-dressings/dried-foods
food-pantry/canned-food/meats-seafood
food-pantry/canned-food/fruits-vegetable
food-pantry/canned-food/beans-nuts
food-pantry/canned-food/soup
food-pantry/rice-noodles-pasta/rice
food-pantry/rice-noodles-pasta/instant-noodles
food-pantry/rice-noodles-pasta/noodles
food-pantry/rice-noodles-pasta/pastas
food-pantry/rice-noodles-pasta/pasta-sauces
food-pantry/cooking-needs/cooking-oil
food-pantry/cooking-needs/olive-oil
food-pantry/cooking-needs/vinegar-cooking-wine
food-pantry/cooking-needs/salt-sugar
food-pantry/biscuits-cakes/biscuits-cookies
food-pantry/biscuits-cakes/crackers
food-pantry/biscuits-cakes/wafer-biscuits
food-pantry/biscuits-cakes/cheese-cheddar-biscuits
food-pantry/biscuits-cakes/cakes-1
food-pantry/baking-needs/flour
food-pantry/baking-needs/mixes
food-pantry/baking-needs/sugar
food-pantry/baking-needs/baking-aids
food-pantry/baking-needs/dessert-ingredients
food-pantry/grains-beans-pulses
snacks-drinks/snacks/chips-crisps
snacks-drinks/snacks/nuts-seeds
snacks-drinks/snacks/fruit-snacks
snacks-drinks/snacks/baby-snacks
snacks-drinks/snacks/jellies-puddings
snacks-drinks/snacks/other-snacks
snacks-drinks/water/drinking-water
snacks-drinks/water/sparkling-water
snacks-drinks/water/flavored-water?fdept=snacks-drinks&fcat=juices&fsubcat=bottled-canned-juice-drinks
snacks-drinks/water/flavored-water?fdept=snacks-drinks&fcat=sports-energy-drinks
snacks-drinks/water/flavored-water?fdept=snacks-drinks&fcat=water&fsubcat=sparkling-water
snacks-drinks/water/flavored-water?fdept=snacks-drinks&fcat=water&fsubcat=drinking-water
snacks-drinks/coffee
snacks-drinks/tea
snacks-drinks/chocolates-sweets/share-packs
snacks-drinks/chocolates-sweets/chocolates
snacks-drinks/chocolates-sweets/sweets
snacks-drinks/chocolates-sweets/lozenges-mints
snacks-drinks/chocolates-sweets/gummies
snacks-drinks/chocolate-malts
snacks-drinks/creamers-sweeteners
snacks-drinks/soft-drinks
snacks-drinks/asian-drinks
snacks-drinks/juices/chilled-juices
snacks-drinks/juices/bottled-canned-juice-drinks
snacks-drinks/juices/tetra-packed-juice-drinks
snacks-drinks/cordials-syrups
snacks-drinks/milk/fresh-milk
snacks-drinks/milk/chilled-milk
snacks-drinks/milk/uht-milk
snacks-drinks/milk/other-milk-drinks
snacks-drinks/sports-energy-drinks
mum-baby/baby-milk/stage-2
mum-baby/baby-milk/stage-3
mum-baby/baby-milk/stage-4-above
mum-baby/diapers-wipes/tape-diapers/tape-diapers-newborn
mum-baby/diapers-wipes/tape-diapers/tape-diapers-small
mum-baby/diapers-wipes/tape-diapers/tape-diapers-medium
mum-baby/diapers-wipes/tape-diapers/tape-diapers-large
mum-baby/diapers-wipes/tape-diapers/tape-diapers-extra-large
mum-baby/diapers-wipes/tape-diapers/tape-diapers-xxl
mum-baby/diapers-wipes/pull-up-pants
mum-baby/diapers-wipes/baby-wipes
mum-baby/baby-food
mum-baby/baby-toiletries-laundry
mum-baby/milk-for-mums
mum-baby/accesories
mum-baby/infant-powder
health-beauty/body-care/hand-wash
health-beauty/body-care/body-wash
health-beauty/body-care/sun-protection
health-beauty/body-care/deodorants-feminine-wash
health-beauty/body-care/body-wipes
health-beauty/body-care/eye-care
health-beauty/body-care/body-lotions
health-beauty/hair-care/shampoo
health-beauty/hair-care/conditioner
health-beauty/hair-care/hair-treatments
health-beauty/hair-care/hair-styling
health-beauty/hair-care/hair-accesories
health-beauty/facial-care
health-beauty/feminine-care
health-beauty/men-s-toiletries
health-beauty/oral-care/toothbruch
health-beauty/oral-care/toothpaste
health-beauty/oral-care/mouthwash
health-beauty/oral-care/dental-floss
health-beauty/oral-care/accesories
health-beauty/health-care/first-aid
health-beauty/health-care/family-planning
health-beauty/health-care/health-beauty-supplements
home-kitchen-cleaning/kitchenware
home-kitchen-cleaning/household-cleaning/floor-cleaners
home-kitchen-cleaning/household-cleaning/cleaning-tools
home-kitchen-cleaning/household-cleaning/toilet-cleaners
home-kitchen-cleaning/household-cleaning/air-fresheners
home-kitchen-cleaning/household-cleaning/tissue-paper-towels-home-cleaning
home-kitchen-cleaning/laundry/detergents
home-kitchen-cleaning/laundry/bleach-softeners
home-kitchen-cleaning/laundry/laundry-aids
home-kitchen-cleaning/tissue-paper-towels
home-kitchen-cleaning/dishwashing
home-kitchen-cleaning/appliances
home-kitchen-cleaning/car-care
home-kitchen-cleaning/pet-care/dog-food-care
home-kitchen-cleaning/pet-care/cat-food-care
home-kitchen-cleaning/party-needs
home-kitchen-cleaning/diy
our-exclusive-brands
